,2025-26,,2024-25,,2023-24,,2022-23,,2021-22,,2020-21,,2019-20,,2018-19,,2017-18,,2016-17,,2015-16,,2014-15,,2013-14
Abilene Christian,,,,,,,,,,,,,,,,,,,,,,,,,
Air Force,,,,,,,,,,,,,,,,,,,,,,,,,
Akron,,,,,,,,,,,,,,,,,,,,,,,,,
Alabama,,,,,,,,,,,,,,,,,,,,,,,,,
Alabama A&M,,,,,,,,,,,,,,,,,,,,,,,,,
Alabama State,,,,,,,,,,,,,,,,,,,,,,,,,
Albany,,,,,,,,,,,,,,,,,,,,,,,,,
Alcorn State,,,,,,,,,,,,,,,,,,,,,,,,,
American,,,,,,,,,,,,,,,,,,,,,,,,,
Appalachian State,,,,,,,,,,,,,,,,,,,,,,,,,
Arizona,,,,,,,,,,,,,,,,,,,,,,,,,
Arizona State,,,,,,,,,,,,,,,,,,,,,,,,,
Arkansas,,,,,,,,,,,,,,,,,,,,,,,,,
Arkansas Pine Bluff,,,,,,,,,,,,,,,,,,,,,,,,,
Arkansas State,,,,,,,,,,,,,,,,,,,,,,,,,
Army,,,,,,,,,,,,,,,,,,,,,,,,,
Auburn,,,,,,,,,,,,,,,,,,,,,,,,,
Austin Peay,,,,,,,,,,,,,,,,,,,,,,,,,
Ball State,,,,,,,,,,,,,,,,,,,,,,,,,
Baylor,,,,,,,,,,,,,,,,,,,,,,,,,
Bellarmine,,,,,,,,,,,,,,,,,,,,,,,,,
Belmont,,,,,,,,,,,,,,,,,,,,,,,,,
Bethune Cookman,,,,,,,,,,,,,,,,,,,,,,,,,
Binghamton,,,,,,,,,,,,,,,,,,,,,,,,,
Boise State,,,,,,,,,,,,,,,,,,,,,,,,,
Boston College,,,,,,,,,,,,,,,,,,,,,,,,,
Boston University,,,,,,,,,,,,,,,,,,,,,,,,,
Bowling Green,,,,,,,,,,,,,,,,,,,,,,,,,
Bradley,,,,,,,,,,,,,,,,,,,,,,,,,
Brigham Young,,,,,,,,,,,,,,,,,,,,,,,,,
Brown,,,,,,,,,,,,,,,,,,,,,,,,,
Bryant,,,,,,,,,,,,,,,,,,,,,,,,,
Bucknell,,,,,,,,,,,,,,,,,,,,,,,,,
Buffalo,,,,,,,,,,,,,,,,,,,,,,,,,
Butler,,,,,,,,,,,,,,,,,,,,,,,,,
Cal Baptist,,,,,,,,,,,,,,,,,,,,,,,,,
Cal Poly,,,,,,,,,,,,,,,,,,,,,,,,,
Cal State Bakersfield,,,,,,,,,,,,,,,,,,,,,,,,,
Cal State Fullerton,,,,,,,,,,,,,,,,,,,,,,,,,
Cal State Northridge,,,,,,,,,,,,,,,,,,,,,,,,,
California,,,,,,,,,,,,,,,,,,,,,,,,,
Campbell,,,,,,,,,,,,,,,,,,,,,,,,,
Canisius,,,,,,,,,,,,,,,,,,,,,,,,,
Central Arkansas,,,,,,,,,,,,,,,,,,,,,,,,,
Central Connecticut,,,,,,,,,,,,,,,,,,,,,,,,,
Central Florida,,,,,,,,,,,,,,,,,,,,,,,,,
Central Michigan,,,,,,,,,,,,,,,,,,,,,,,,,
Charleston,,,,,,,,,,,,,,,,,,,,,,,,,
Charleston Southern,,,,,,,,,,,,,,,,,,,,,,,,,
Charlotte,,,,,,,,,,,,,,,,,,,,,,,,,
Chattanooga,,,,,,,,,,,,,,,,,,,,,,,,,
Chicago State,,,,,,,,,,,,,,,,,,,,,,,,,
Cincinnati,,,,,,,,,,,,,,,,,,,,,,,,,
Clemson,,,,,,,,,,,,,,,,,,,,,,,,,
Cleveland State,,,,,,,,,,,,,,,,,,,,,,,,,
Coastal Carolina,,,,,,,,,,,,,,,,,,,,,,,,,
Colgate,,,,,,,,,,,,,,,,,,,,,,,,,
Colorado,,,,,,,,,,,,,,,,,,,,,,,,,
Colorado State,,,,,,,,,,,,,,,,,,,,,,,,,
Columbia,,,,,,,,,,,,,,,,,,,,,,,,,
Connecticut,,,,,,,,,,,,,,,,,,,,,,,,,
Coppin State,,,,,,,,,,,,,,,,,,,,,,,,,
Cornell,,,,,,,,,,,,,,,,,,,,,,,,,
Creighton,,,,,,,,,,,,,,,,,,,,,,,,,
Dartmouth,,,,,,,,,,,,,,,,,,,,,,,,,
Davidson,,,,,,,,,,,,,,,,,,,,,,,,,
Dayton,,,,,,,,,,,,,,,,,,,,,,,,,
Delaware,,,,,,,,,,,,,,,,,,,,,,,,,
Delaware State,,,,,,,,,,,,,,,,,,,,,,,,,
Denver,,,,,,,,,,,,,,,,,,,,,,,,,
DePaul,,,,,,,,,,,,,,,,,,,,,,,,,
Detroit Mercy,,,,,,,,,,,,,,,,,,,,,,,,,
Drake,,,,,,,,,,,,,,,,,,,,,,,,,
Drexel,,,,,,,,,,,,,,,,,,,,,,,,,
Duke,,,,,,,,,,,,,,,,,,,,,,,,,
Duquesne,,,,,,,,,,,,,,,,,,,,,,,,,
East Carolina,,,,,,,,,,,,,,,,,,,,,,,,,
East Tennessee State,,,,,,,,,,,,,,,,,,,,,,,,,
Eastern Illinois,,,,,,,,,,,,,,,,,,,,,,,,,
Eastern Kentucky,,,,,,,,,,,,,,,,,,,,,,,,,
Eastern Michigan,,,,,,,,,,,,,,,,,,,,,,,,,
Eastern Washington,,,,,,,,,,,,,,,,,,,,,,,,,
Elon,,,,,,,,,,,,,,,,,,,,,,,,,
Evansville,,,,,,,,,,,,,,,,,,,,,,,,,
Fairfield,,,,,,,,,,,,,,,,,,,,,,,,,
Fairleigh Dickinson,,,,,,,,,,,,,,,,,,,,,,,,,
Florida,,,,,,,,,,,,,,,,,,,,,,,,,
Florida A&M,,,,,,,,,,,,,,,,,,,,,,,,,
Florida Atlantic,,,,,,,,,,,,,,,,,,,,,,,,,
Florida Gulf Coast,,,,,,,,,,,,,,,,,,,,,,,,,
Florida International,,,,,,,,,,,,,,,,,,,,,,,,,
Florida State,,,,,,,,,,,,,,,,,,,,,,,,,
Fordham,,,,,,,,,,,,,,,,,,,,,,,,,
Fresno State,,,,,,,,,,,,,,,,,,,,,,,,,
Furman,,,,,,,,,,,,,,,,,,,,,,,,,
Gardner Webb,,,,,,,,,,,,,,,,,,,,,,,,,
George Mason,,,,,,,,,,,,,,,,,,,,,,,,,
George Washington,,,,,,,,,,,,,,,,,,,,,,,,,
Georgetown,,,,,,,,,,,,,,,,,,,,,,,,,
Georgia,,,,,,,,,,,,,,,,,,,,,,,,,
Georgia Southern,,,,,,,,,,,,,,,,,,,,,,,,,
Georgia State,,,,,,,,,,,,,,,,,,,,,,,,,
Georgia Tech,,,,,,,,,,,,,,,,,,,,,,,,,
Gonzaga,,,,,,,,,,,,,,,,,,,,,,,,,
Grambling State,,,,,,,,,,,,,,,,,,,,,,,,,
Grand Canyon,,,,,,,,,,,,,,,,,,,,,,,,,
Green Bay,,,,,,,,,,,,,,,,,,,,,,,,,
Hampton,,,,,,,,,,,,,,,,,,,,,,,,,
Hartford,,,,,,,,,,,,,,,,,,,,,,,,,
Harvard,,,,,,,,,,,,,,,,,,,,,,,,,
Hawaii,,,,,,,,,,,,,,,,,,,,,,,,,
High Point,,,,,,,,,,,,,,,,,,,,,,,,,
Hofstra,,,,,,,,,,,,,,,,,,,,,,,,,
Holy Cross,,,,,,,,,,,,,,,,,,,,,,,,,
Houston,,,,,,,,,,,,,,,,,,,,,,,,,
Houston Christian,,,,,,,,,,,,,,,,,,,,,,,,,
Howard,,,,,,,,,,,,,,,,,,,,,,,,,
Idaho,,,,,,,,,,,,,,,,,,,,,,,,,
Idaho State,,,,,,,,,,,,,,,,,,,,,,,,,
Illinois,,,,,,,,,,,,,,,,,,,,,,,,,
Illinois Chicago,,,,,,,,,,,,,,,,,,,,,,,,,
Illinois State,,,,,,,,,,,,,,,,,,,,,,,,,
Incarnate Word,,,,,,,,,,,,,,,,,,,,,,,,,
Indiana,,,,,,,,,,,,,,,,,,,,,,,,,
Indiana State,,,,,,,,,,,,,,,,,,,,,,,,,
Iona,,,,,,,,,,,,,,,,,,,,,,,,,
Iowa,,,,,,,,,,,,,,,,,,,,,,,,,
Iowa State,,,,,,,,,,,,,,,,,,,,,,,,,
IU Indy,,,,,,,,,,,,,,,,,,,,,,,,,
Jackson State,,,,,,,,,,,,,,,,,,,,,,,,,
Jacksonville,,,,,,,,,,,,,,,,,,,,,,,,,
Jacksonville State,,,,,,,,,,,,,,,,,,,,,,,,,
James Madison,,,,,,,,,,,,,,,,,,,,,,,,,
Kansas,,,,,,,,,,,,,,,,,,,,,,,,,
Kansas State,,,,,,,,,,,,,,,,,,,,,,,,,
Kennesaw State,,,,,,,,,,,,,,,,,,,,,,,,,
Kent State,,,,,,,,,,,,,,,,,,,,,,,,,
Kentucky,,,,,,,,,,,,,,,,,,,,,,,,,
La Salle,,,,,,,,,,,,,,,,,,,,,,,,,
Lafayette,,,,,,,,,,,,,,,,,,,,,,,,,
Lamar,,,,,,,,,,,,,,,,,,,,,,,,,
Le Moyne,,,,,,,,,,,,,,,,,,,,,,,,,
Lehigh,,,,,,,,,,,,,,,,,,,,,,,,,
Liberty,,,,,,,,,,,,,,,,,,,,,,,,,
Lindenwood,,,,,,,,,,,,,,,,,,,,,,,,,
Lipscomb,,,,,,,,,,,,,,,,,,,,,,,,,
Little Rock,,,,,,,,,,,,,,,,,,,,,,,,,
Long Beach State,,,,,,,,,,,,,,,,,,,,,,,,,
Long Island,,,,,,,,,,,,,,,,,,,,,,,,,
Longwood,,,,,,,,,,,,,,,,,,,,,,,,,
Louisiana,,,,,,,,,,,,,,,,,,,,,,,,,
Louisiana Monroe,,,,,,,,,,,,,,,,,,,,,,,,,
Louisiana State,,,,,,,,,,,,,,,,,,,,,,,,,
Louisiana Tech,,,,,,,,,,,,,,,,,,,,,,,,,
Louisville,,,,,,,,,,,,,,,,,,,,,,,,,
Loyola Chicago,,,,,,,,,,,,,,,,,,,,,,,,,
Loyola Marymount,,,,,,,,,,,,,,,,,,,,,,,,,
Loyola MD,,,,,,,,,,,,,,,,,,,,,,,,,
Maine,,,,,,,,,,,,,,,,,,,,,,,,,
Manhattan,,,,,,,,,,,,,,,,,,,,,,,,,
Marist,,,,,,,,,,,,,,,,,,,,,,,,,
Marquette,,,,,,,,,,,,,,,,,,,,,,,,,
Marshall,,,,,,,,,,,,,,,,,,,,,,,,,
Maryland,,,,,,,,,,,,,,,,,,,,,,,,,
Maryland Eastern Shore,,,,,,,,,,,,,,,,,,,,,,,,,
Massachusetts,,,,,,,,,,,,,,,,,,,,,,,,,
McNeese,,,,,,,,,,,,,,,,,,,,,,,,,
Memphis,,,,,,,,,,,,,,,,,,,,,,,,,
Mercer,,,,,,,,,,,,,,,,,,,,,,,,,
Merrimack,,,,,,,,,,,,,,,,,,,,,,,,,
Miami,,,,,,,,,,,,,,,,,,,,,,,,,
Miami OH,,,,,,,,,,,,,,,,,,,,,,,,,
Michigan,,,,,,,,,,,,,,,,,,,,,,,,,
Michigan State,,,,,,,,,,,,,,,,,,,,,,,,,
Middle Tennessee,,,,,,,,,,,,,,,,,,,,,,,,,
Milwaukee,,,,,,,,,,,,,,,,,,,,,,,,,
Minnesota,,,,,,,,,,,,,,,,,,,,,,,,,
Mississippi State,,,,,,,,,,,,,,,,,,,,,,,,,
Mississippi Valley State,,,,,,,,,,,,,,,,,,,,,,,,,
Missouri,,,,,,,,,,,,,,,,,,,,,,,,,
Missouri State,,,,,,,,,,,,,,,,,,,,,,,,,
Monmouth,,,,,,,,,,,,,,,,,,,,,,,,,
Montana,,,,,,,,,,,,,,,,,,,,,,,,,
Montana State,,,,,,,,,,,,,,,,,,,,,,,,,
Morehead State,,,,,,,,,,,,,,,,,,,,,,,,,
Morgan State,,,,,,,,,,,,,,,,,,,,,,,,,
Mount State Mary's,,,,,,,,,,,,,,,,,,,,,,,,,
Murray State,,,,,,,,,,,,,,,,,,,,,,,,,
Navy,,,,,,,,,,,,,,,,,,,,,,,,,
Nebraska,,,,,,,,,,,,,,,,,,,,,,,,,
Nevada,,,,,,,,,,,,,,,,,,,,,,,,,
New Hampshire,,,,,,,,,,,,,,,,,,,,,,,,,
New Mexico,,,,,,,,,,,,,,,,,,,,,,,,,
New Mexico State,,,,,,,,,,,,,,,,,,,,,,,,,
New Orleans,,,,,,,,,,,,,,,,,,,,,,,,,
Niagara,,,,,,,,,,,,,,,,,,,,,,,,,
Nicholls,,,,,,,,,,,,,,,,,,,,,,,,,
NJIT,,,,,,,,,,,,,,,,,,,,,,,,,
Norfolk State,,,,,,,,,,,,,,,,,,,,,,,,,
North Alabama,,,,,,,,,,,,,,,,,,,,,,,,,
North Carolina,,,,,,,,,,,,,,,,,,,,,,,,,
North Carolina A&T,,,,,,,,,,,,,,,,,,,,,,,,,
North Carolina Central,,,,,,,,,,,,,,,,,,,,,,,,,
North Carolina State,,,,,,,,,,,,,,,,,,,,,,,,,
North Dakota,,,,,,,,,,,,,,,,,,,,,,,,,
North Dakota State,,,,,,,,,,,,,,,,,,,,,,,,,
North Florida,,,,,,,,,,,,,,,,,,,,,,,,,
North Texas,,,,,,,,,,,,,,,,,,,,,,,,,
Northeastern,,,,,,,,,,,,,,,,,,,,,,,,,
Northern Arizona,,,,,,,,,,,,,,,,,,,,,,,,,
Northern Colorado,,,,,,,,,,,,,,,,,,,,,,,,,
Northern Illinois,,,,,,,,,,,,,,,,,,,,,,,,,
Northern Iowa,,,,,,,,,,,,,,,,,,,,,,,,,
Northern Kentucky,,,,,,,,,,,,,,,,,,,,,,,,,
Northwestern,,,,,,,,,,,,,,,,,,,,,,,,,
Northwestern State,,,,,,,,,,,,,,,,,,,,,,,,,
Notre Dame,,,,,,,,,,,,,,,,,,,,,,,,,
Oakland,,,,,,,,,,,,,,,,,,,,,,,,,
Ohio,,,,,,,,,,,,,,,,,,,,,,,,,
Ohio State,,,,,,,,,,,,,,,,,,,,,,,,,
Oklahoma,,,,,,,,,,,,,,,,,,,,,,,,,
Oklahoma State,,,,,,,,,,,,,,,,,,,,,,,,,
Old Dominion,,,,,,,,,,,,,,,,,,,,,,,,,
Ole Miss,,,,,,,,,,,,,,,,,,,,,,,,,
Omaha,,,,,,,,,,,,,,,,,,,,,,,,,
Oral Roberts,,,,,,,,,,,,,,,,,,,,,,,,,
Oregon,,,,,,,,,,,,,,,,,,,,,,,,,
Oregon State,,,,,,,,,,,,,,,,,,,,,,,,,
Pacific,,,,,,,,,,,,,,,,,,,,,,,,,
Penn State,,,,,,,,,,,,,,,,,,,,,,,,,
Pennsylvania,,,,,,,,,,,,,,,,,,,,,,,,,
Pepperdine,,,,,,,,,,,,,,,,,,,,,,,,,
Pittsburgh,,,,,,,,,,,,,,,,,,,,,,,,,
Portland,,,,,,,,,,,,,,,,,,,,,,,,,
Portland State,,,,,,,,,,,,,,,,,,,,,,,,,
Prairie View A&M,,,,,,,,,,,,,,,,,,,,,,,,,
Presbyterian,,,,,,,,,,,,,,,,,,,,,,,,,
Princeton,,,,,,,,,,,,,,,,,,,,,,,,,
Providence,,,,,,,,,,,,,,,,,,,,,,,,,
Purdue,,,,,,,,,,,,,,,,,,,,,,,,,
Purdue Fort Wayne,,,,,,,,,,,,,,,,,,,,,,,,,
Queens,,,,,,,,,,,,,,,,,,,,,,,,,
Quinnipiac,,,,,,,,,,,,,,,,,,,,,,,,,
Radford,,,,,,,,,,,,,,,,,,,,,,,,,
Rhode Island,,,,,,,,,,,,,,,,,,,,,,,,,
Rice,,,,,,,,,,,,,,,,,,,,,,,,,
Richmond,,,,,,,,,,,,,,,,,,,,,,,,,
Rider,,,,,,,,,,,,,,,,,,,,,,,,,
Robert Morris,,,,,,,,,,,,,,,,,,,,,,,,,
Rutgers,,,,,,,,,,,,,,,,,,,,,,,,,
Sacramento State,,,,,,,,,,,,,,,,,,,,,,,,,
Sacred Heart,,,,,,,,,,,,,,,,,,,,,,,,,
Saint Joseph's,,,,,,,,,,,,,,,,,,,,,,,,,
Saint Louis,,,,,,,,,,,,,,,,,,,,,,,,,
Saint Mary's,,,,,,,,,,,,,,,,,,,,,,,,,
Saint Peter's,,,,,,,,,,,,,,,,,,,,,,,,,
Sam Houston State,,,,,,,,,,,,,,,,,,,,,,,,,
Samford,,,,,,,,,,,,,,,,,,,,,,,,,
San Diego,,,,,,,,,,,,,,,,,,,,,,,,,
San Diego State,,,,,,,,,,,,,,,,,,,,,,,,,
San Francisco,,,,,,,,,,,,,,,,,,,,,,,,,
San Jose State,,,,,,,,,,,,,,,,,,,,,,,,,
Santa Clara,,,,,,,,,,,,,,,,,,,,,,,,,
Savannah State,,,,,,,,,,,,,,,,,,,,,,,,,
Seattle,,,,,,,,,,,,,,,,,,,,,,,,,
Seton Hall,,,,,,,,,,,,,,,,,,,,,,,,,
Siena,,,,,,,,,,,,,,,,,,,,,,,,,
SIU Edwardsville,,,,,,,,,,,,,,,,,,,,,,,,,
South Alabama,,,,,,,,,,,,,,,,,,,,,,,,,
South Carolina,,,,,,,,,,,,,,,,,,,,,,,,,
South Carolina State,,,,,,,,,,,,,,,,,,,,,,,,,
South Dakota,,,,,,,,,,,,,,,,,,,,,,,,,
South Dakota State,,,,,,,,,,,,,,,,,,,,,,,,,
South Florida,,,,,,,,,,,,,,,,,,,,,,,,,
Southeast Missouri,,,,,,,,,,,,,,,,,,,,,,,,,
Southeastern Louisiana,,,,,,,,,,,,,,,,,,,,,,,,,
Southern,,,,,,,,,,,,,,,,,,,,,,,,,
Southern California,,,,,,,,,,,,,,,,,,,,,,,,,
Southern Illinois,,,,,,,,,,,,,,,,,,,,,,,,,
Southern Indiana,,,,,,,,,,,,,,,,,,,,,,,,,
Southern Methodist,,,,,,,,,,,,,,,,,,,,,,,,,
Southern Miss,,,,,,,,,,,,,,,,,,,,,,,,,
Southern Utah,,,,,,,,,,,,,,,,,,,,,,,,,
St. Bonaventure,,,,,,,,,,,,,,,,,,,,,,,,,
St. Francis (NY),,,,,,,,,,,,,,,,,,,,,,,,,
St. Francis (PA),,,,,,,,,,,,,,,,,,,,,,,,,
St. John's,,,,,,,,,,,,,,,,,,,,,,,,,
St. Thomas,,,,,,,,,,,,,,,,,,,,,,,,,
Stanford,,,,,,,,,,,,,,,,,,,,,,,,,
Stephen F. Austin,,,,,,,,,,,,,,,,,,,,,,,,,
Stetson,,,,,,,,,,,,,,,,,,,,,,,,,
Stonehill,,,,,,,,,,,,,,,,,,,,,,,,,
Stony Brook,,,,,,,,,,,,,,,,,,,,,,,,,
Syracuse,,,,,,,,,,,,,,,,,,,,,,,,,
Tarleton State,,,,,,,,,,,,,,,,,,,,,,,,,
Temple,,,,,,,,,,,,,,,,,,,,,,,,,
Tennessee,,,,,,,,,,,,,,,,,,,,,,,,,
Tennessee Martin,,,,,,,,,,,,,,,,,,,,,,,,,
Tennessee State,,,,,,,,,,,,,,,,,,,,,,,,,
Tennessee Tech,,,,,,,,,,,,,,,,,,,,,,,,,
Texas,,,,,,,,,,,,,,,,,,,,,,,,,
Texas A&M,,,,,,,,,,,,,,,,,,,,,,,,,
East Texas A&M,,,,,,,,,,,,,,,,,,,,,,,,,
Texas A&M Corpus Christi,,,,,,,,,,,,,,,,,,,,,,,,,
Texas Christian,,,,,,,,,,,,,,,,,,,,,,,,,
Texas Pan American,,,,,,,,,,,,,,,,,,,,,,,,,
Texas Southern,,,,,,,,,,,,,,,,,,,,,,,,,
Texas State,,,,,,,,,,,,,,,,,,,,,,,,,
Texas Tech,,,,,,,,,,,,,,,,,,,,,,,,,
The Citadel,,,,,,,,,,,,,,,,,,,,,,,,,
Toledo,,,,,,,,,,,,,,,,,,,,,,,,,
Towson,,,,,,,,,,,,,,,,,,,,,,,,,
Troy,,,,,,,,,,,,,,,,,,,,,,,,,
Tulane,,,,,,,,,,,,,,,,,,,,,,,,,
Tulsa,,,,,,,,,,,,,,,,,,,,,,,,,
UAB,,,,,,,,,,,,,,,,,,,,,,,,,
UC Davis,,,,,,,,,,,,,,,,,,,,,,,,,
UC Irvine,,,,,,,,,,,,,,,,,,,,,,,,,
UC Riverside,,,,,,,,,,,,,,,,,,,,,,,,,
UC San Diego,,,,,,,,,,,,,,,,,,,,,,,,,
UC Santa Barbara,,,,,,,,,,,,,,,,,,,,,,,,,
UCLA,,,,,,,,,,,,,,,,,,,,,,,,,
UMass Lowell,,,,,,,,,,,,,,,,,,,,,,,,,
UMBC,,,,,,,,,,,,,,,,,,,,,,,,,
UMKC,,,,,,,,,,,,,,,,,,,,,,,,,
UNC Asheville,,,,,,,,,,,,,,,,,,,,,,,,,
UNC Greensboro,,,,,,,,,,,,,,,,,,,,,,,,,
UNC Wilmington,,,,,,,,,,,,,,,,,,,,,,,,,
UNLV,,,,,,,,,,,,,,,,,,,,,,,,,
USC Upstate,,,,,,,,,,,,,,,,,,,,,,,,,
UT Arlington,,,,,,,,,,,,,,,,,,,,,,,,,
UT Rio Grande Valley,,,,,,,,,,,,,,,,,,,,,,,,,
Utah,,,,,,,,,,,,,,,,,,,,,,,,,
Utah State,,,,,,,,,,,,,,,,,,,,,,,,,
Utah Tech,,,,,,,,,,,,,,,,,,,,,,,,,
Utah Valley,,,,,,,,,,,,,,,,,,,,,,,,,
UTEP,,,,,,,,,,,,,,,,,,,,,,,,,
UTSA,,,,,,,,,,,,,,,,,,,,,,,,,
Valparaiso,,,,,,,,,,,,,,,,,,,,,,,,,
Vanderbilt,,,,,,,,,,,,,,,,,,,,,,,,,
VCU,,,,,,,,,,,,,,,,,,,,,,,,,
Vermont,,,,,,,,,,,,,,,,,,,,,,,,,
Villanova,,,,,,,,,,,,,,,,,,,,,,,,,
Virginia,,,,,,,,,,,,,,,,,,,,,,,,,
Virginia Tech,,,,,,,,,,,,,,,,,,,,,,,,,
VMI,,,,,,,,,,,,,,,,,,,,,,,,,
Wagner,,,,,,,,,,,,,,,,,,,,,,,,,
Wake Forest,,,,,,,,,,,,,,,,,,,,,,,,,
Washington,,,,,,,,,,,,,,,,,,,,,,,,,
Washington State,,,,,,,,,,,,,,,,,,,,,,,,,
Weber State,,,,,,,,,,,,,,,,,,,,,,,,,
West Virginia,,,,,,,,,,,,,,,,,,,,,,,,,
Western Carolina,,,,,,,,,,,,,,,,,,,,,,,,,
Western Illinois,,,,,,,,,,,,,,,,,,,,,,,,,
Western Kentucky,,,,,,,,,,,,,,,,,,,,,,,,,
Western Michigan,,,,,,,,,,,,,,,,,,,,,,,,,
Wichita State,,,,,,,,,,,,,,,,,,,,,,,,,
William & Mary,,,,,,,,,,,,,,,,,,,,,,,,,
Winthrop,,,,,,,,,,,,,,,,,,,,,,,,,
Wisconsin,,,,,,,,,,,,,,,,,,,,,,,,,
Wofford,,,,,,,,,,,,,,,,,,,,,,,,,
Wright State,,,,,,,,,,,,,,,,,,,,,,,,,
Wyoming,,,,,,,,,,,,,,,,,,,,,,,,,
Xavier,,,,,,,,,,,,,,,,,,,,,,,,,
Yale,,,,,,,,,,,,,,,,,,,,,,,,,
Youngstown State,,,,,,,,,,,,,,,,,,,,,,,,,
