,'2025,,'2024,,'2023,,'2022,,'2021,,'2020,,'2019,,'2018,,'2017,,'2016,,'2015,,'2014
Air Force,,,,,,,,,,,,,,,,,,,,,,,
Akron,,,,,,,,,,,,,,,,,,,,,,,
Alabama,,,,,,,,,,,,,,,,,,,,,,,
Appalachian State,,,,,,,,,,,,,,,,,,,,,,,
Arizona,,,,,,,,,,,,,,,,,,,,,,,
Arizona State,,,,,,,,,,,,,,,,,,,,,,,
Arkansas,,,,,,,,,,,,,,,,,,,,,,,
Arkansas State,,,,,,,,,,,,,,,,,,,,,,,
Army,,,,,,,,,,,,,,,,,,,,,,,
Auburn,,,,,,,,,,,,,,,,,,,,,,,
Ball State,,,,,,,,,,,,,,,,,,,,,,,
Baylor,,,,,,,,,,,,,,,,,,,,,,,
Boise State,,,,,,,,,,,,,,,,,,,,,,,
Boston College,,,,,,,,,,,,,,,,,,,,,,,
Bowling Green,,,,,,,,,,,,,,,,,,,,,,,
Brigham Young,,,,,,,,,,,,,,,,,,,,,,,
Buffalo,,,,,,,,,,,,,,,,,,,,,,,
California,,,,,,,,,,,,,,,,,,,,,,,
Central Florida,,,,,,,,,,,,,,,,,,,,,,,
Central Michigan,,,,,,,,,,,,,,,,,,,,,,,
Charlotte,,,,,,,,,,,,,,,,,,,,,,,
Cincinnati,,,,,,,,,,,,,,,,,,,,,,,
Clemson,,,,,,,,,,,,,,,,,,,,,,,
Coastal Carolina,,,,,,,,,,,,,,,,,,,,,,,
Colorado,,,,,,,,,,,,,,,,,,,,,,,
Colorado State,,,,,,,,,,,,,,,,,,,,,,,
Connecticut,,,,,,,,,,,,,,,,,,,,,,,
Delaware,,,,,,,,,,,,,,,,,,,,,,,
Duke,,,,,,,,,,,,,,,,,,,,,,,
East Carolina,,,,,,,,,,,,,,,,,,,,,,,
Eastern Michigan,,,,,,,,,,,,,,,,,,,,,,,
Florida,,,,,,,,,,,,,,,,,,,,,,,
Florida Atlantic,,,,,,,,,,,,,,,,,,,,,,,
Florida International,,,,,,,,,,,,,,,,,,,,,,,
Florida State,,,,,,,,,,,,,,,,,,,,,,,
Fresno State,,,,,,,,,,,,,,,,,,,,,,,
Georgia,,,,,,,,,,,,,,,,,,,,,,,
Georgia Southern,,,,,,,,,,,,,,,,,,,,,,,
Georgia State,,,,,,,,,,,,,,,,,,,,,,,
Georgia Tech,,,,,,,,,,,,,,,,,,,,,,,
Hawaii,,,,,,,,,,,,,,,,,,,,,,,
Houston,,,,,,,,,,,,,,,,,,,,,,,
Illinois,,,,,,,,,,,,,,,,,,,,,,,
Indiana,,,,,,,,,,,,,,,,,,,,,,,
Iowa,,,,,,,,,,,,,,,,,,,,,,,
Iowa State,,,,,,,,,,,,,,,,,,,,,,,
Jacksonville State,,,,,,,,,,,,,,,,,,,,,,,
James Madison,,,,,,,,,,,,,,,,,,,,,,,
Kansas,,,,,,,,,,,,,,,,,,,,,,,
Kansas State,,,,,,,,,,,,,,,,,,,,,,,
Kennesaw State,,,,,,,,,,,,,,,,,,,,,,,
Kent State,,,,,,,,,,,,,,,,,,,,,,,
Kentucky,,,,,,,,,,,,,,,,,,,,,,,
Liberty,,,,,,,,,,,,,,,,,,,,,,,
Louisiana,,,,,,,,,,,,,,,,,,,,,,,
Louisiana Monroe,,,,,,,,,,,,,,,,,,,,,,,
Louisiana State,,,,,,,,,,,,,,,,,,,,,,,
Louisiana Tech,,,,,,,,,,,,,,,,,,,,,,,
Louisville,,,,,,,,,,,,,,,,,,,,,,,
Marshall,,,,,,,,,,,,,,,,,,,,,,,
Maryland,,,,,,,,,,,,,,,,,,,,,,,
Massachusetts,,,,,,,,,,,,,,,,,,,,,,,
Memphis,,,,,,,,,,,,,,,,,,,,,,,
Miami,,,,,,,,,,,,,,,,,,,,,,,
Miami OH,,,,,,,,,,,,,,,,,,,,,,,
Michigan,,,,,,,,,,,,,,,,,,,,,,,
Michigan State,,,,,,,,,,,,,,,,,,,,,,,
Middle Tennessee,,,,,,,,,,,,,,,,,,,,,,,
Minnesota,,,,,,,,,,,,,,,,,,,,,,,
Mississippi State,,,,,,,,,,,,,,,,,,,,,,,
Missouri,,,,,,,,,,,,,,,,,,,,,,,
Missouri State,,,,,,,,,,,,,,,,,,,,,,,
Navy,,,,,,,,,,,,,,,,,,,,,,,
Nebraska,,,,,,,,,,,,,,,,,,,,,,,
Nevada,,,,,,,,,,,,,,,,,,,,,,,
New Mexico,,,,,,,,,,,,,,,,,,,,,,,
New Mexico State,,,,,,,,,,,,,,,,,,,,,,,
North Carolina,,,,,,,,,,,,,,,,,,,,,,,
North Carolina State,,,,,,,,,,,,,,,,,,,,,,,
North Texas,,,,,,,,,,,,,,,,,,,,,,,
Northern Illinois,,,,,,,,,,,,,,,,,,,,,,,
Northwestern,,,,,,,,,,,,,,,,,,,,,,,
Notre Dame,,,,,,,,,,,,,,,,,,,,,,,
Ohio,,,,,,,,,,,,,,,,,,,,,,,
Ohio State,,,,,,,,,,,,,,,,,,,,,,,
Oklahoma,,,,,,,,,,,,,,,,,,,,,,,
Oklahoma State,,,,,,,,,,,,,,,,,,,,,,,
Old Dominion,,,,,,,,,,,,,,,,,,,,,,,
Ole Miss,,,,,,,,,,,,,,,,,,,,,,,
Oregon,,,,,,,,,,,,,,,,,,,,,,,
Oregon State,,,,,,,,,,,,,,,,,,,,,,,
Penn State,,,,,,,,,,,,,,,,,,,,,,,
Pittsburgh,,,,,,,,,,,,,,,,,,,,,,,
Purdue,,,,,,,,,,,,,,,,,,,,,,,
Rice,,,,,,,,,,,,,,,,,,,,,,,
Rutgers,,,,,,,,,,,,,,,,,,,,,,,
Sam Houston State,,,,,,,,,,,,,,,,,,,,,,,
San Diego State,,,,,,,,,,,,,,,,,,,,,,,
San Jose State,,,,,,,,,,,,,,,,,,,,,,,
South Alabama,,,,,,,,,,,,,,,,,,,,,,,
South Carolina,,,,,,,,,,,,,,,,,,,,,,,
South Florida,,,,,,,,,,,,,,,,,,,,,,,
Southern California,,,,,,,,,,,,,,,,,,,,,,,
Southern Methodist,,,,,,,,,,,,,,,,,,,,,,,
Southern Miss,,,,,,,,,,,,,,,,,,,,,,,
Stanford,,,,,,,,,,,,,,,,,,,,,,,
Syracuse,,,,,,,,,,,,,,,,,,,,,,,
Temple,,,,,,,,,,,,,,,,,,,,,,,
Tennessee,,,,,,,,,,,,,,,,,,,,,,,
Texas,,,,,,,,,,,,,,,,,,,,,,,
Texas A&M,,,,,,,,,,,,,,,,,,,,,,,
Texas Christian,,,,,,,,,,,,,,,,,,,,,,,
Texas State,,,,,,,,,,,,,,,,,,,,,,,
Texas Tech,,,,,,,,,,,,,,,,,,,,,,,
Toledo,,,,,,,,,,,,,,,,,,,,,,,
Troy,,,,,,,,,,,,,,,,,,,,,,,
Tulane,,,,,,,,,,,,,,,,,,,,,,,
Tulsa,,,,,,,,,,,,,,,,,,,,,,,
UAB,,,,,,,,,,,,,,,,,,,,,,,
UCLA,,,,,,,,,,,,,,,,,,,,,,,
UNLV,,,,,,,,,,,,,,,,,,,,,,,
Utah,,,,,,,,,,,,,,,,,,,,,,,
Utah State,,,,,,,,,,,,,,,,,,,,,,,
UTEP,,,,,,,,,,,,,,,,,,,,,,,
UTSA,,,,,,,,,,,,,,,,,,,,,,,
Vanderbilt,,,,,,,,,,,,,,,,,,,,,,,
Virginia,,,,,,,,,,,,,,,,,,,,,,,
Virginia Tech,,,,,,,,,,,,,,,,,,,,,,,
Wake Forest,,,,,,,,,,,,,,,,,,,,,,,
Washington,,,,,,,,,,,,,,,,,,,,,,,
Washington State,,,,,,,,,,,,,,,,,,,,,,,
West Virginia,,,,,,,,,,,,,,,,,,,,,,,
Western Kentucky,,,,,,,,,,,,,,,,,,,,,,,
Western Michigan,,,,,,,,,,,,,,,,,,,,,,,
Wisconsin,,,,,,,,,,,,,,,,,,,,,,,
Wyoming,,,,,,,,,,,,,,,,,,,,,,,
