,Rank,Value,val,5 Yr Avg,Prior 5 Yr,'2025,'2024,'2023,'2022,'2021,'2019,'2018,'2017,'2016,'2015,'2014,'2013,'2012
Air Force,,,,,,,,,0.5,,,,,,,,,
Akron,,,,,,,,,,,,,,,,,,
Alabama,,,,,,0.5,0.5,1,,0.5,,,,,,0.5,0.5,
Alabama State,,,,,,,,,0.5,,,,,0.5,,,,
Appalachian State,,,,,,,,,,,,,,,,,,0.5
Arizona,,,,,,3,0.5,0.5,0.5,0.5,,,0.5,0.5,,,,30
Arizona State,,,,,,0.5,,,,3,0.5,,,15,0.5,0.5,0.5,
Arkansas,,,,,,10,0.5,0.5,10,1,3,15,0.5,,3,0.5,0.5,10
Arkansas State,,,,,,,,,,,,,,,,,,
Army,,,,,,,0.5,0.5,0.5,0.5,0.5,0.5,,,,,0.5,0.5
Auburn,,,,,,1,,0.5,5,,3,1,0.5,,0.5,,,
Austin Peay,,,,,,,,,,,,,,,,,0.5,0.5
Ball State,,,,,,,,0.5,,,,,,,,,,
Baylor,,,,,,,,,,,0.5,0.5,0.5,,,,,1
Belmont,,,,,,,,,,,,,,,,,,0.5
Bethune Cookman,,,,,,0.5,,,,,,,0.5,0.5,,0.5,,0.5
Binghamton,,,,,,0.5,,,0.5,,,,,0.5,,0.5,0.5,
Boston College,,,,,,,,0.5,,,,,,1,,,,
Bowling Green,,,,,,,,,,,,,,,,,0.5,
Bradley,,,,,,,,,,,,,,,0.5,,,
Brigham Young,,,,,,,,,,,,,0.5,,,,,
Bryant,,,,,,,0.5,,,,,,,0.5,,0.5,0.5,
Bucknell,,,,,,,,,,,,,,,,0.5,,
Butler,,,,,,,,,,,,,,,,,,
Cal Poly,,,,,,0.5,,,,,,,,,,0.5,0.5,
Cal State Bakersfield,,,,,,,,,,,,,,,0.5,,,
Cal State Fullerton,,,,,,,,0.5,,,,1,3,0.5,3,0.5,1,0.5
California,,,,,,,,,,,0.5,,,,0.5,,,
Campbell,,,,,,,,0.5,0.5,0.5,0.5,0.5,,,,0.5,,
Canisius,,,,,,,,,0.5,,,0.5,,,0.5,,0.5,
Central Arkansas,,,,,,,,,,,,,,,,,0.5,
Central Connecticut,,,,,,0.5,,0.5,,0.5,0.5,,0.5,,,,,
Central Florida,,,,,,,0.5,,,,,,0.5,,,,,0.5
Central Michigan,,,,,,,,,0.5,0.5,0.5,,,,,,,
Charleston,,,,,,,,,,,,,,,0.5,1,,0.5
Charlotte,,,,,,,,0.5,,0.5,,,,,,,,
Cincinnati,,,,,,0.5,,,,,0.5,,,,,,,
Clemson,,,,,,0.5,1,0.5,,,0.5,0.5,0.5,0.5,0.5,0.5,0.5,0.5
Coastal Carolina,,,,,,15,0.5,0.5,0.5,,0.5,0.5,,30,0.5,,0.5,0.5
Columbia,,,,,,0.5,,,0.5,,,0.5,,,0.5,0.5,0.5,
Connecticut,,,,,,,1,0.5,1,0.5,0.5,0.5,,0.5,,,0.5,
Coppin State,,,,,,,,,0.5,,,,,,,,,
Cornell,,,,,,,,,,,,,,,,,,0.5
Creighton,,,,,,0.5,,,,,0.5,,,,,,,0.5
Dallas Baptist,,,,,,0.5,0.5,0.5,0.5,1,0.5,0.5,0.5,0.5,0.5,0.5,,0.5
Davidson,,,,,,,,,,,,,1,,,,,
Dayton,,,,,,,,,,,,,,,,,,0.5
Delaware,,,,,,,,,,,,,0.5,,,,,
Duke,,,,,,1,0.5,1,,0.5,1,1,,0.5,,,,
East Carolina,,,,,,0.5,0.5,0.5,1,1,1,0.5,,1,0.5,,,0.5
East Tennessee State,,,,,,0.5,,,,,,,,,,,0.5,
Eastern Illinois,,,,,,,,0.5,,,,,,,,,,
Eastern Michigan,,,,,,,,,,,,,,,,,,
Elon,,,,,,,,,,,,,,,,,0.5,
Evansville,,,,,,,1,,,,,,,,,,,
Fairfield,,,,,,0.5,,,,0.5,,,,0.5,,,,
Florida,,,,,,0.5,10,15,0.5,0.5,0.5,10,30,3,10,0.5,0.5,3
Florida A&M,,,,,,,,0.5,,,0.5,,,,0.5,,,
Florida Atlantic,,,,,,,,,,,0.5,0.5,,0.5,0.5,,0.5,
Florida Gulf Coast,,,,,,,,,,,,,0.5,,,,,
Florida International,,,,,,,,,,,,,,,0.5,,,
Florida State,,,,,,1,10,,0.5,0.5,5,0.5,5,1,1,0.5,1,10
Fordham,,,,,,,,,,,0.5,,,,,,,
Fresno State,,,,,,0.5,0.5,,,,0.5,,,,,,,0.5
George Mason,,,,,,,,0.5,,,,,,,,0.5,,
Georgetown,,,,,,,,,,,,,,,,,,
Georgia,,,,,,0.5,1,,0.5,,0.5,0.5,,,,,,
Georgia Southern,,,,,,,,,0.5,,,,,,,0.5,,
Georgia State,,,,,,,,,,,,,,,,,,
Georgia Tech,,,,,,0.5,0.5,,0.5,0.5,0.5,,,0.5,,0.5,0.5,0.5
Gonzaga,,,,,,,,,0.5,0.5,,0.5,,0.5,,,,
Grambling State,,,,,,,0.5,,,,,,,,,,,
Grand Canyon,,,,,,,0.5,,0.5,0.5,,,,,,,,
Hartford,,,,,,,,,,,,0.5,,,,,,
Harvard,,,,,,,,,,,0.5,,,,,,,
Hawaii,,,,,,,,,,,,,,,,,,
High Point,,,,,,,0.5,,,,,,,,,,,
Hofstra,,,,,,,,,0.5,,,,,,,,,
Holy Cross,,,,,,0.5,,,,,,,0.5,,,,,
Houston,,,,,,,,,,,,0.5,0.5,,0.5,1,,
Houston Christian,,,,,,0.5,,,,,,,,,0.5,,,
Illinois,,,,,,,0.5,,,,0.5,,,,1,,0.5,
Illinois Chicago,,,,,,,,0.5,,,0.5,,0.5,,,,,
Illinois State,,,,,,,,,,,0.5,,,,,,,
Indiana,,,,,,,0.5,0.5,,,0.5,0.5,0.5,,0.5,0.5,5,
Indiana State,,,,,,,0.5,1,,0.5,0.5,,,,,0.5,,0.5
Iowa,,,,,,,,0.5,,,,,0.5,,0.5,,,
Jackson State,,,,,,,,,,,,,,,,0.5,0.5,
Jacksonville,,,,,,,,,,0.5,,0.5,,,,,,
Jacksonville State,,,,,,,,,,,0.5,,,,,0.5,,
James Madison,,,,,,,0.5,,,,,,,,,,,
Kansas,,,,,,0.5,,,,,,,,,,0.5,,
Kansas State,,,,,,0.5,1,,,,,,,,,,1,
Kennesaw State,,,,,,,,,0.5,,,,,,,1,,
Kent State,,,,,,,,,,,,0.5,,,,0.5,,5
Kentucky,,,,,,0.5,5,1,,,,,1,,,0.5,,0.5
Lehigh,,,,,,,,,,,,,,,0.5,,,
Liberty,,,,,,,,,0.5,0.5,0.5,,,,,0.5,0.5,
Lipscomb,,,,,,,,0.5,,,,,,,0.5,,,
Little Rock,,,,,,0.5,,,,,,,,,,,,
Long Beach State,,,,,,,,,,,,,1,0.5,,0.5,,
Long Island,,,,,,,0.5,,0.5,,,0.5,,,,,,
Louisiana,,,,,,,0.5,0.5,0.5,,,,,0.5,1,1,0.5,
Louisiana Monroe,,,,,,,,,,,,,,,,,,0.5
Louisiana State,,,,,,30,0.5,30,0.5,1,1,0.5,15,1,5,0.5,3,1
Louisiana Tech,,,,,,,0.5,,0.5,0.5,,,,0.5,,,,
Louisville,,,,,,10,,,1,,10,0.5,5,1,1,3,3,0.5
Loyola Marymount,,,,,,,,,,,0.5,,,,,,,
Maine,,,,,,,,0.5,,,,,,,,,,
Manhattan,,,,,,,,,,,,,,,,,,0.5
Marist,,,,,,,,,,,,,0.5,,,,,
Marshall,,,,,,,,,,,,,,,,,,
Maryland,,,,,,,,0.5,0.5,0.5,,,0.5,,1,1,,
McNeese State,,,,,,,,,,0.5,0.5,,,,,,,
Memphis,,,,,,,,,,,,,,,,,,
Mercer,,,,,,,,,,,0.5,,,,0.5,,0.5,
Miami,,,,,,1,,0.5,0.5,0.5,0.5,,,3,5,0.5,0.5,0.5
Miami OH,,,,,,0.5,,,,,,,,,,,,
Michigan,,,,,,,,,0.5,0.5,15,,0.5,,0.5,,,
Michigan State,,,,,,,,,,,,,,,,,,0.5
Middle Tennessee,,,,,,,,,,,,,,,,,,
Minnesota,,,,,,,,,,,,1,,0.5,,,,
Mississippi State,,,,,,0.5,0.5,,,30,5,10,1,1,,0.5,15,0.5
Missouri,,,,,,,,,,,,,,,,,,0.5
Missouri State,,,,,,,,,0.5,,,0.5,1,,1,,,0.5
Morehead State,,,,,,,,,,,,0.5,,,0.5,,,
Murray State,,,,,,3,,,,,,,,,,,,
Navy,,,,,,,,,,,,,,0.5,,,,
Nebraska,,,,,,0.5,0.5,,,0.5,0.5,,0.5,0.5,,0.5,,
Nevada,,,,,,,,,,0.5,,,,,,,,
New Mexico,,,,,,,,,,,,,,0.5,,,0.5,0.5
New Mexico State,,,,,,,,,0.5,,,0.5,,,,,,0.5
Niagara,,,,,,,0.5,,,,,,,,,,,
Nicholls State,,,,,,,0.5,0.5,,,,,,,,,,
NJIT,,,,,,,,,,0.5,,,,,,,,
Norfolk State,,,,,,,,,,0.5,,,,,,,,
North Carolina,,,,,,1,5,0.5,1,0.5,1,5,0.5,,,0.5,10,0.5
North Carolina A&T,,,,,,,,,,,,0.5,,,,,,
North Carolina State,,,,,,0.5,3,0.5,,10,0.5,0.5,0.5,0.5,0.5,,5,1
North Dakota State,,,,,,0.5,,,,0.5,,,,,,0.5,,
Northeastern,,,,,,0.5,,0.5,,0.5,,0.5,,,,,,
Northern Illinois,,,,,,,,,,,,,,,,,,
Northern Kentucky,,,,,,,0.5,,,,,,,,,,,
Northwestern,,,,,,,,,,,,,,,,,,
Northwestern State,,,,,,,,,,,,0.5,,,,,,
Notre Dame,,,,,,,,,5,1,,,,,0.5,,,
Ohio,,,,,,,,,,,,,0.5,,0.5,,,
Ohio State,,,,,,,,,,,0.5,0.5,,0.5,,,,
Oklahoma,,,,,,0.5,0.5,0.5,15,,,0.5,0.5,,,,1,1
Oklahoma State,,,,,,0.5,0.5,0.5,0.5,0.5,1,0.5,0.5,10,0.5,1,0.5,
Old Dominion,,,,,,,,,,0.5,,,,,,0.5,,
Ole Miss,,,,,,0.5,,,30,1,1,0.5,,0.5,0.5,10,0.5,0.5
Omaha,,,,,,,,,,,0.5,,,,,,,
Oral Roberts,,,,,,,0.5,5,0.5,,,0.5,0.5,0.5,0.5,,,0.5
Oregon,,,,,,0.5,1,1,0.5,0.5,,,,,0.5,0.5,0.5,1
Oregon State,,,,,,5,1,0.5,1,0.5,0.5,30,10,,0.5,0.5,10,0.5
Pennsylvania,,,,,,,0.5,0.5,,,,,,,,,,
Pepperdine,,,,,,,,,,,,,,,0.5,1,,0.5
Pittsburgh,,,,,,,,,,,,,,,,,,
Prairie View A&M,,,,,,,,,,,,,,,,,,0.5
Presbyterian,,,,,,,,,,0.5,,,,,,,,
Princeton,,,,,,,,,,,,,,0.5,,,,
Purdue,,,,,,,,,,,,0.5,,,,,,0.5
Quinnipiac,,,,,,,,,,,0.5,,,,,,,
Radford,,,,,,,,,,,,,0.5,,0.5,,,
Rhode Island,,,,,,0.5,,,,,,,,0.5,,,,
Rice,,,,,,,,,,,,,0.5,0.5,0.5,,1,0.5
Rider,,,,,,,,0.5,,0.5,,,,,,0.5,,
Rutgers,,,,,,,,,,,,,,,,,,
Sacramento State,,,,,,,,,,,0.5,,0.5,,,0.5,,
Sacred Heart,,,,,,,,,,,,,,,0.5,,,0.5
Saint Louis,,,,,,,,,,,,0.5,,,,,0.5,
Saint Mary's,,,,,,0.5,,,,,,,,0.5,,,,
Sam Houston State,,,,,,,,,,,,,1,0.5,,0.5,0.5,0.5
Samford,,,,,,,,0.5,,0.5,,0.5,,,,,,0.5
San Diego,,,,,,,0.5,,0.5,,,,,,,,0.5,0.5
San Diego State,,,,,,,,,,,,0.5,0.5,,0.5,0.5,0.5,
San Francisco,,,,,,,,,,,,,,,,,0.5,
San Jose State,,,,,,,,0.5,,,,,,,,,,
Santa Clara,,,,,,,,0.5,,,,,,,,,,
Savannah State,,,,,,,,,,,,,,,,,0.5,
Seton Hall,,,,,,,,,,,,,,,,,,
Siena,,,,,,,,,,,,,,,,0.5,,
South Alabama,,,,,,,,,,0.5,,,0.5,0.5,,,0.5,
South Carolina,,,,,,,0.5,1,,0.5,,1,,1,,0.5,1,15
South Dakota State,,,,,,,,,,,,,,,,,0.5,
South Florida,,,,,,,,,,1,,0.5,0.5,,0.5,,,
Southeast Missouri State,,,,,,,0.5,,0.5,0.5,,,,0.5,,,,
Southeastern Louisiana,,,,,,,,,0.5,,,,0.5,0.5,,0.5,,
Southern,,,,,,,,,,0.5,0.5,,,,,,,
Southern California,,,,,,0.5,,,,,,,,,0.5,,,
Southern Miss,,,,,,0.5,0.5,1,1,0.5,0.5,0.5,0.5,0.5,,,,
St. John's,,,,,,,0.5,,,,,0.5,0.5,,0.5,,,1
Stanford,,,,,,,,3,3,5,1,0.5,0.5,,,1,,1
Stetson,,,,,,0.5,0.5,,,,,1,,0.5,,,,
Stony Brook,,,,,,,,,,,0.5,,,,0.5,,,3
Tennessee,,,,,,1,30,5,1,3,0.5,,,,,,,
Tennessee Tech,,,,,,,,,,,,1,0.5,,,,,
Texas,,,,,,0.5,0.5,1,3,10,,3,0.5,,0.5,10,,
Texas A&M,,,,,,,15,0.5,10,,0.5,0.5,3,1,1,0.5,0.5,0.5
Texas Christian,,,,,,0.5,,10,0.5,0.5,0.5,,10,10,10,5,,1
Texas Southern,,,,,,,,,,,,0.5,0.5,,0.5,,,
Texas State,,,,,,,,,0.5,,,,,,,,,
Texas Tech,,,,,,,,0.5,0.5,1,10,5,0.5,5,,3,,
Toledo,,,,,,,,,,,,,,,,,,
Towson,,,,,,,,,,,,,,,,,0.5,
Troy,,,,,,,,0.5,,,,0.5,,,,,0.5,
Tulane,,,,,,,0.5,0.5,,,,,,0.5,0.5,,,
UAB,,,,,,,,,,,,,,,,,,0.5
UC Irvine,,,,,,0.5,0.5,,,0.5,,,,,,5,,
UC Santa Barbara,,,,,,,0.5,,0.5,0.5,0.5,,,5,0.5,,0.5,
UCLA,,,,,,5,,,0.5,0.5,1,0.5,0.5,,0.5,,30,5
UMBC,,,,,,,,,,,,,0.5,,,,,
UNC Greensboro,,,,,,,,,0.5,,,,0.5,,,,,
UNC Wilmington,,,,,,,0.5,0.5,,,0.5,0.5,,0.5,0.5,,0.5,0.5
UNLV,,,,,,,,,,,,,,,,0.5,,
USC Upstate,,,,,,0.5,,,,,,,,,,,,
UT Arlington,,,,,,,,,,,,,,,,,,0.5
Utah,,,,,,,,,,,,,,0.5,,,,
Utah Valley,,,,,,0.5,,,,,,,,0.5,,,,
UTSA,,,,,,1,,,,,,,,,,,0.5,
Valparaiso,,,,,,,,,,,,,,,,,0.5,0.5
Vanderbilt,,,,,,0.5,0.5,0.5,0.5,15,30,1,1,0.5,15,30,1,0.5
VCU,,,,,,,0.5,,0.5,0.5,,,,,1,,,
Villanova,,,,,,,,,,,,,,,,,,
Virginia,,,,,,,3,3,0.5,5,,,0.5,0.5,30,15,1,0.5
Virginia Tech,,,,,,,,,1,,,,,,,,0.5,
Wake Forest,,,,,,0.5,0.5,10,0.5,,,,1,0.5,,,,
Washington,,,,,,,,0.5,,,,3,,0.5,,0.5,,
Washington State,,,,,,,,,,,,,,,,,,
West Virginia,,,,,,1,1,0.5,,,0.5,,0.5,,,,,
Western Carolina,,,,,,,,,,,,,,0.5,,,,
Western Kentucky,,,,,,0.5,,,,,,,,,,,,
Western Michigan,,,,,,,0.5,,,,,,,0.5,,,,
Wichita State,,,,,,,,,,,,,,,,,0.5,
William & Mary,,,,,,,,,,,,,,0.5,,,0.5,
Wofford,,,,,,,0.5,,,,,,,,,,,
Wright State,,,,,,0.5,,0.5,0.5,0.5,,0.5,,0.5,0.5,,,
Xavier,,,,,,,,0.5,,,,,0.5,0.5,,,,
Yale,,,,,,,,,,,,,0.5,,,0.5,,
Youngstown State,,,,,,,,,,,,,,,,0.5,,
