,,COLLEGE FOOTBALL PLAYOFF,,,,,,,,NCAA TOURNAMENT,,,,,,,,,,,FROZEN FOUR,,,COLLEGE WORLD SERIES,,,,
,,,,,,,,,,,,,,,,,,,,,,,,,,,,
,,NC (A),RU (B),,A: QF,B: QF,C: QF,D: QF,,NC (A),RU (B),,A: E8,B: E8,,A: S16,B: S16,C: S16,D: S16,,NC (A),RU (B),,NC (A),RU (B),,A: Rd2,B: Rd2
,,A: SF (C),B: SF (D),,A: Rd 1,B: Rd 1,C: Rd 1,D: Rd 1,,A: FF (C),B: FF (D),,C: E8,D: E8,,A: S16,B: S16,C: S16,D: S16,,A: FF (C),B: FF (D),,A: SF (C),B: SF (D),,C: Elim,D: Elim
,,,,,,,,,,,,,,,,,,,,,,,,,,,,
2025-26,,INDIANA,MIAMI,,Alabama,Ohio State,Texas Tech,Georgia,,MICHIGAN,UCONN,,Tennessee,Duke,,Alabama,Michigan State,Arkansas,Houston,,Denver,WISCONSIN,,,,,,
,,Oregon,Ole Miss,,Oklahoma,Texas A&M,James Madison,Tulane,,Arizona,Illinois,,Purdue,Iowa,,Iowa State,St. John's,Texas,Nebraska,,Michigan,No Dakota,,,,,,
,,,,,,,,,,,,,,,,,,,,,,,,,,,,
2024-25,,OHIO STATE,NOTRE DAME,,Oregon,Georgia,Arizona State,Boise State,,FLORIDA,HOUSTON,,Texas Tech,Tennessee,,Maryland,Purdue,MICHIGAN,Arizona,,WESTERN,BOSTON U,,LSU,COASTAL,,UCLA,Oregon St
,,Texas,Penn State,,Tennessee,Indiana,Clemson,SMU,,Auburn,Duke,,Michigan State,Alabama,,Arkansas,Kentucky,Ole Miss,BYU,,Denver,Penn State,,Arkansas,Louisville,,Murray State,Arizona
,,,,,,,,,,,,,,,,,,,,,,,,,,,,
2023-24,,MICHIGAN,WASHINGTON,,Georgia,Oregon,Missouri,Ole Miss,,UCONN,PURDUE,,Illinois,Tennessee,,Iowa State,Creighton,UNC,Houston,,DENVER,BOSTON COL,,TENNESSEE,TEXAS A&M,,UNC,Kentucky
,,Alabama,Texas,,Florida State,Liberty,Ohio State,Penn State,,Alabama,NC State,,Clemson,Duke,,San Diego St,Gonzaga,Arizona,Marquette,,Boston U,MICHIGAN,,Florida State,Florida,,Virginia,NC State
,,,,,,,,,,,,,,,,,,,,,,,,,,,,
2022-23,,GEORGIA,TCU,,Alabama,Tennessee,Penn State,Tulane,,UCONN,SAN DIEGO ST,,Gonzaga,Creighton,,UCLA,Alabama,Houston,Tennessee,,QUINNIPIAC,MINNESOTA,,LSU,FLORIDA,,Tennessee,Oral Roberts
,,Ohio State,MICHIGAN,,Kansas State,Clemson,Utah,USC,,Miami,FAU,,Texas,Kansas State,,Arkansas,Princeton,Xavier,Michigan State,,MICHIGAN,Boston U,,Wake Forest,TCU,,Stanford,Virginia
,,,,,,,,,,,,,,,,,,,,,,,,,,,,
2021-22,,GEORGIA,ALABAMA,,Ohio State,Oklahoma St,Baylor,Michigan State,,KANSAS,UNC,,Miami,St. Peter's,,Providence,Purdue,Arizona,Gonzaga,,DENVER,MINN STATE,,OLE MISS,OKLAHOMA,,Auburn,Notre Dame
,,MICHIGAN,Cincinnati,,Utah,Notre Dame,Ole Miss,Pittsburgh,,Villanova,Duke,,Houston,Arkansas,,Iowa State,UCLA,MICHIGAN,Texas Tech,,MICHIGAN,Minnesota,,Arkansas,Texas A&M,,Stanford,Texas
,,,,,,,,,,,,,,,,,,,,,,,,,,,,
2020-21,,ALABAMA,OHIO STATE,,Texas A&M,Oklahoma,Georgia,Iowa State,,BAYLOR,GONZAGA,,Arkansas,USC,,Villanova,Creighton,Loyola CHI,Alabama,,UMASS,ST. CLOUD,,MISS STATE,VANDERBILT,,Virginia,Stanford
,,Notre Dame,Clemson,,UNC,Florida,Cincinnati,Oregon,,Houston,UCLA,,Oregon St,MICHIGAN,,Oral Roberts,Oregon,Syracuse,Florida State,,Duluth,Minn State,,Texas,NC State,,Tennessee,Arizona
,,,,,,,,,,,,,,,,,,,,,,,,,,,,
2019-20,,LSU,CLEMSON,,Georgia,Oregon,Florida,Penn State,,,,,,,,,,,,,,,,,,,,
,,Oklahoma,Ohio State,,Baylor,Wisconsin,Virginia,Memphis,,,,,,,,,,,,,,,,,,,,
,,,,,,,,,,,,,,,,,,,,,,,,,,,,
2018-19,,CLEMSON,ALABAMA,,Ohio State,Florida,LSU,Texas,,VIRGINIA,TEXAS TECH,,Purdue,Gonzaga,,Tennessee,MICHIGAN,UNC,LSU,,DULUTH,UMASS,,VANDERBILT,MICHIGAN,,Miss State,Florida State
,,Notre Dame,Oklahoma,,Washington,Michigan State,Central Florida,Georgia,,Auburn,Michigan State,,Kentucky,Duke,,Oregon,Florida State,Houston,Virginia Tech,,Providence,Denver,,Louisville,Texas Tech,,Auburn,Arkansas
,,,,,,,,,,,,,,,,,,,,,,,,,,,,
2017-18,,ALABAMA,GEORGIA,,Ohio State,Wisconsin,Penn State,Central Florida,,VILLANOVA,MICHIGAN,,Texas Tech,Florida State,,Purdue,Gonzaga,Clemson,Kentucky,,DULUTH,NOTRE DAME,,OREGON ST,ARKANSAS,,UNC,Texas Tech
,,Clemson,Oklahoma,,USC,Miami,Washington,Auburn,,Kansas,Loyola CHI,,Duke,Kansas State,,West Virginia,Texas A&M,Syracuse,Nevada,,Ohio State,MICHIGAN,,Miss State,Florida,,Washington,Texas
,,,,,,,,,,,,,,,,,,,,,,,,,,,,
2016-17,,CLEMSON,ALABAMA,,Oklahoma,Wisconsin,USC,Florida State,,UNC,GONZAGA,,Kentucky,Xavier,,UCLA,Arizona,Purdue,Baylor,,DENVER,DULUTH,,FLORIDA,LSU,,Louisville,Florida State
,,Ohio State,Washington,,Auburn,Western,Penn State,MICHIGAN,,Oregon,South Carolina,,Kansas,Florida,,Butler,West Virginia,MICHIGAN,Wisconsin,,Notre Dame,Harvard,,TCU,Oregon St,,Texas A&M,Fullerton
,,,,,,,,,,,,,,,,,,,,,,,,,,,,
2015-16,,ALABAMA,CLEMSON,,Stanford,Ohio State,Ole Miss,Houston,,VILLANOVA,UNC,,Kansas,Notre Dame,,Miami,Indiana,Texas A&M,Iowa State,,NO DAKOTA,QUINNIPIAC,,COASTAL,ARIZONA,,UCSB,Texas Tech
,,Michigan State,Oklahoma,,Iowa,Notre Dame,Oklahoma St,Florida State,,Oklahoma,Syracuse,,Oregon,Virginia,,Maryland,Wisconsin,Duke,Gonzaga,,Denver,Boston Col,,Oklahoma St,TCU,,Miami,Florida
,,,,,,,,,,,,,,,,,,,,,,,,,,,,
2014-15,,OHIO STATE,OREGON,,TCU,Michigan State,Georgia Tech,Boise St,,DUKE,WISCONSIN,,Gonzaga,Arizona,,Utah,UNC,Oklahoma,West Virginia,,PROVIDENCE,BOSTON U,,VIRGINIA,VANDERBILT,,Miami,LSU
,,Alabama,Florida State,,Ole Miss,Baylor,Miss State,Arizona,,Michigan State,Kentucky,,Louisville,Notre Dame,,UCLA,Xavier,NC State,Wichita St,,Omaha,No Dakota,,Florida,TCU,,Arkansas,Fullerton
